sujet,date,statut
Comment disposer des tableaux sur un mur d'Airbnb sans faire de trous ?,2025-10-13T07:57:31.769161,succès
Quelle hauteur idéale pour accrocher des uvres d'art dans un Airbnb ?,2025-10-15T07:35:10.106288,succès
Comment utiliser des stickers muraux dans une location de courte durée ?,2025-10-17T07:33:09.805817,succès
Comment créer une galerie murale tendance dans votre Airbnb ?,2025-10-20T07:35:49.554559,succès
Pourquoi opter pour des étagères murales ouvertes dans un Airbnb ?,2025-10-22T07:34:21.766335,succès
Quels sont les avantages des panneaux muraux en bois pour un Airbnb ?,2025-10-24T07:32:43.582184,succès
Comment intégrer un mur en pierre dans la décoration de votre Airbnb ?,2025-10-28T07:34:41.320174,succès
Quelle est la meilleure façon d'éclairer un mur décoratif dans un Airbnb ?,2025-11-04T07:36:09.163042,succès
Comment utiliser le béton ciré sur les murs d'un Airbnb moderne ?,2025-11-11T07:36:01.282565,succès
Quelles couleurs neutres privilégier pour les murs d'un Airbnb rentable ?,2025-11-18T07:15:40.351750,succès
Comment installer un système d'accrochage modulable dans un Airbnb ?,2025-11-25T07:16:36.633699,succès
Quels motifs géométriques fonctionnent le mieux sur les murs d'un Airbnb ?,2025-12-02T07:18:30.823197,succès
Comment protéger vos murs des dommages causés par les locataires ?,2025-12-09T07:18:30.448972,succès
Quelles solutions de décoration murale temporaire pour un Airbnb meublé ?,2025-12-16T07:20:05.484917,succès
Comment créer un point focal visuel sur un mur d'Airbnb ?,2025-12-23T07:19:46.109997,succès
Pourquoi utiliser des bandes LED pour mettre en valeur les murs d'un Airbnb ?,2025-12-30T07:18:47.708450,succès
